HG00116,EUR
HG00117,EUR
HG00119,EUR
HG00120,EUR
HG00123,EUR
HG00124,EUR
HG00131,EUR
HG00133,EUR
HG00146,EUR
HG00155,EUR
HG00158,EUR
HG00159,EUR
HG00160,EUR
HG00245,EUR
HG00258,EUR
HG00262,EUR
HG00264,EUR
HG00641,AMR
HG00731,AMR
HG00732,AMR
HG00734,AMR
HG00736,AMR
HG00737,AMR
HG00740,AMR
HG01047,AMR
HG01048,AMR
HG01055,AMR
HG01066,AMR
HG01067,AMR
HG01075,AMR
HG01079,AMR
HG01080,AMR
HG01095,AMR
HG01101,AMR
HG01102,AMR
HG01167,AMR
HG01168,AMR
HG01176,AMR
HG01183,AMR
HG01187,AMR
HG01188,AMR
HG01190,AMR
HG01191,AMR
HG01197,AMR
HG01198,AMR
HG01204,AMR
HG01342,AMR
HG01359,AMR
HG01437,AMR
HG01440,AMR
HG01441,AMR
HG01461,AMR
HG01462,AMR
HG01465,AMR
HG01488,AMR
HG01489,AMR
HG01491,AMR
HG01492,AMR
NA06984,EUR
NA06986,EUR
NA06989,EUR
NA07048,EUR
NA07051,EUR
NA07347,EUR
NA11829,EUR
NA11830,EUR
NA11831,EUR
NA11843,EUR
NA11919,EUR
NA11920,EUR
NA11930,EUR
NA11992,EUR
NA11994,EUR
NA12003,EUR
NA12045,EUR
NA12058,EUR
NA12154,EUR
NA12155,EUR
NA12340,EUR
NA12341,EUR
NA12342,EUR
NA12399,EUR
NA12400,EUR
NA12748,EUR
NA12827,EUR
NA12829,EUR
NA12830,EUR
NA12842,EUR
NA12843,EUR
NA12889,EUR
NA12890,EUR
NA18486,AFR
NA18487,AFR
NA18489,AFR
NA18498,AFR
NA18499,AFR
NA18501,AFR
NA18504,AFR
NA18510,AFR
NA18516,AFR
NA18519,AFR
NA18520,AFR
NA18522,AFR
NA18535,ASN
NA18538,ASN
NA18539,ASN
NA18541,ASN
NA18553,ASN
NA18560,ASN
NA18565,ASN
NA18567,ASN
NA18574,ASN
NA18632,ASN
NA18633,ASN
NA18635,ASN
NA18636,ASN
NA18637,ASN
NA18853,AFR
NA18856,AFR
NA18867,AFR
NA18868,AFR
NA18870,AFR
NA18871,AFR
NA18873,AFR
NA18874,AFR
NA18908,AFR
NA18910,AFR
NA18912,AFR
NA18950,ASN
NA18953,ASN
NA18959,ASN
NA18960,ASN
NA18961,ASN
NA18964,ASN
NA18982,ASN
NA18983,ASN
NA18984,ASN
NA18985,ASN
NA18986,ASN
NA18988,ASN
NA18989,ASN
NA18999,ASN
NA19000,ASN
NA19003,ASN
NA19004,ASN
NA19007,ASN
NA19012,ASN
NA19054,ASN
NA19055,ASN
NA19056,ASN
NA19057,ASN
NA19058,ASN
NA19059,ASN
NA19060,ASN
NA19062,ASN
NA19063,ASN
NA19064,ASN
NA19065,ASN
NA19066,ASN
NA19067,ASN
NA19068,ASN
NA19070,ASN
NA19093,AFR
NA19102,AFR
NA19116,AFR
NA19130,AFR
NA19172,AFR
NA19213,AFR
NA19235,AFR
NA19236,AFR
NA19247,AFR
NA19248,AFR
NA19332,AFR
NA19334,AFR
NA19338,AFR
NA19346,AFR
NA19347,AFR
NA19350,AFR
NA19471,AFR
NA19472,AFR
NA19473,AFR
NA19474,AFR
NA19625,AFR
NA19648,AMR
NA19651,AMR
NA19652,AMR
NA19654,AMR
NA19655,AMR
NA19657,AMR
NA19660,AMR
NA19661,AMR
NA19663,AMR
NA19664,AMR
NA19675,AMR
NA19676,AMR
NA19678,AMR
NA19679,AMR
NA19681,AMR
NA19682,AMR
NA19684,AMR
NA19685,AMR
NA19700,AFR
NA19701,AFR
NA19703,AFR
NA19704,AFR
NA19707,AFR
NA19711,AFR
NA19712,AFR
NA19713,AFR
NA19716,AMR
NA19717,AMR
NA19719,AMR
NA19720,AMR
NA19722,AMR
NA19723,AMR
NA19725,AMR
NA19726,AMR
NA19818,AFR
NA19819,AFR
NA19834,AFR
NA19835,AFR
NA19900,AFR
NA19901,AFR
NA19904,AFR
NA19908,AFR
NA19909,AFR
NA19914,AFR
NA19916,AFR
NA19917,AFR
NA19920,AFR
NA19921,AFR
NA19982,AFR
